{
  "inputUnits": [34],
  "outputUnits": 3,
  "inputs": {
    "0": {
      "dtype": "number",
      "min": 342.1700539199295,
      "max": 692.0142290286053
    },
    "1": {
      "dtype": "number",
      "min": 62.433939536721766,
      "max": 337.6526793246139
    },
    "2": {
      "dtype": "number",
      "min": 349.8500625075997,
      "max": 693.5757078178198
    },
    "3": {
      "dtype": "number",
      "min": 48.49236454945128,
      "max": 329.24832236442126
    },
    "4": {
      "dtype": "number",
      "min": 340.8330847595452,
      "max": 685.8665709736746
    },
    "5": {
      "dtype": "number",
      "min": 48.87055630813779,
      "max": 332.2476136916342
    },
    "6": {
      "dtype": "number",
      "min": 388.77769856137525,
      "max": 696.6623839144577
    },
    "7": {
      "dtype": "number",
      "min": 58.89363448443578,
      "max": 334.16046498814444
    },
    "8": {
      "dtype": "number",
      "min": 337.91378036083415,
      "max": 654.6139098883602
    },
    "9": {
      "dtype": "number",
      "min": 57.95658690456287,
      "max": 332.5920039670476
    },
    "10": {
      "dtype": "number",
      "min": 411.77049213810193,
      "max": 707.548399453961
    },
    "11": {
      "dtype": "number",
      "min": 122.5710068045887,
      "max": 384.6151317789397
    },
    "12": {
      "dtype": "number",
      "min": 348.60709461256687,
      "max": 690.5820426495623
    },
    "13": {
      "dtype": "number",
      "min": 126.67750911489998,
      "max": 375.46180339174975
    },
    "14": {
      "dtype": "number",
      "min": 404.03419464942544,
      "max": 734.3072711632874
    },
    "15": {
      "dtype": "number",
      "min": 202.31842426938306,
      "max": 456.0004683320161
    },
    "16": {
      "dtype": "number",
      "min": 308.30872769485654,
      "max": 709.6535702716516
    },
    "17": {
      "dtype": "number",
      "min": 191.08027595490336,
      "max": 461.49048326544266
    },
    "18": {
      "dtype": "number",
      "min": 365.5347819643726,
      "max": 746.5001135206409
    },
    "19": {
      "dtype": "number",
      "min": 99.07758185835667,
      "max": 536.5027294826879
    },
    "20": {
      "dtype": "number",
      "min": 326.42368539298093,
      "max": 693.4036860484557
    },
    "21": {
      "dtype": "number",
      "min": 126.58708030611626,
      "max": 523.9409076378968
    },
    "22": {
      "dtype": "number",
      "min": 451.60315606380715,
      "max": 741.2938313168775
    },
    "23": {
      "dtype": "number",
      "min": 289.3011640852991,
      "max": 524.1793514504043
    },
    "24": {
      "dtype": "number",
      "min": 410.62666124870805,
      "max": 710.0508390790294
    },
    "25": {
      "dtype": "number",
      "min": 291.58096372849286,
      "max": 523.113951330519
    },
    "26": {
      "dtype": "number",
      "min": 386.84626241602325,
      "max": 695.1439693465771
    },
    "27": {
      "dtype": "number",
      "min": 388.13312693792557,
      "max": 576.4875787519759
    },
    "28": {
      "dtype": "number",
      "min": 356.7748999688412,
      "max": 687.6258369178623
    },
    "29": {
      "dtype": "number",
      "min": 386.78425473461823,
      "max": 575.0011162071377
    },
    "30": {
      "dtype": "number",
      "min": 468.0993509849222,
      "max": 704.3138152244954
    },
    "31": {
      "dtype": "number",
      "min": 526.5832561092154,
      "max": 676.6450735010526
    },
    "32": {
      "dtype": "number",
      "min": 402.7255637914754,
      "max": 689.7224491579524
    },
    "33": {
      "dtype": "number",
      "min": 508.4113528478007,
      "max": 671.0650676326529
    }
  },
  "outputs": {
    "0": {
      "dtype": "string",
      "min": 0,
      "max": 1,
      "uniqueValues": ["업", "다운", "배드"],
      "legend": { "업": [1, 0, 0], "다운": [0, 1, 0], "배드": [0, 0, 1] }
    }
  },
  "isNormalized": true
}
