{"inputUnits":[34],"outputUnits":3,"inputs":{"0":{"dtype":"number","min":499.7912241419929,"max":692.0142290286053},"1":{"dtype":"number","min":71.23021225984922,"max":347.5622374538318},"2":{"dtype":"number","min":491.3575002469905,"max":688.4474033697106},"3":{"dtype":"number","min":65.34179924990883,"max":329.24832236442126},"4":{"dtype":"number","min":483.98584922463976,"max":685.8665709736746},"5":{"dtype":"number","min":63.9298375942364,"max":332.2476136916342},"6":{"dtype":"number","min":518.4847131870137,"max":704.1821811542437},"7":{"dtype":"number","min":64.76504077243436,"max":334.16046498814444},"8":{"dtype":"number","min":504.1133087989421,"max":654.5119063677955},"9":{"dtype":"number","min":68.54499549717292,"max":332.5920039670476},"10":{"dtype":"number","min":538.8781595786722,"max":700.0613201453065},"11":{"dtype":"number","min":131.72652782633145,"max":384.6151317789397},"12":{"dtype":"number","min":562.0008838223113,"max":679.3893112004499},"13":{"dtype":"number","min":128.83456931503832,"max":375.46180339174975},"14":{"dtype":"number","min":518.8305260328003,"max":770.5670688495562},"15":{"dtype":"number","min":190.24621273293104,"max":452.1983378963248},"16":{"dtype":"number","min":556.6855753442193,"max":684.6503445517692},"17":{"dtype":"number","min":191.32606536034018,"max":461.49048326544266},"18":{"dtype":"number","min":485.66245468674003,"max":741.5266697508815},"19":{"dtype":"number","min":168.14537196771647,"max":536.5027294826879},"20":{"dtype":"number","min":484.44561910072656,"max":693.4036860484557},"21":{"dtype":"number","min":170.1942152921328,"max":523.4586610311665},"22":{"dtype":"number","min":592.1086720269942,"max":729.8354057579189},"23":{"dtype":"number","min":288.7002219114786,"max":545.0506948033195},"24":{"dtype":"number","min":573.7714584884941,"max":708.0891774693351},"25":{"dtype":"number","min":292.6403998586454,"max":530.1615792953551},"26":{"dtype":"number","min":549.9281714769653,"max":723.7577012355225},"27":{"dtype":"number","min":403.85221369999397,"max":584.1305126383147},"28":{"dtype":"number","min":579.6192783697106,"max":701.2566164959266},"29":{"dtype":"number","min":406.0181329036965,"max":589.1724695584189},"30":{"dtype":"number","min":587.031140754195,"max":706.3348317424611},"31":{"dtype":"number","min":537.0440151348188,"max":675.3714320260727},"32":{"dtype":"number","min":576.7028772970118,"max":690.3592880783378},"33":{"dtype":"number","min":507.1517807778681,"max":675.2387403792444}},"outputs":{"0":{"dtype":"string","min":0,"max":1,"uniqueValues":["업","다운","배드"],"legend":{"업":[1,0,0],"다운":[0,1,0],"배드":[0,0,1]}}},"isNormalized":true}