{"inputUnits":[34],"outputUnits":2,"inputs":{"0":{"dtype":"number","min":589.1956207631627,"max":927.9952468575207},"1":{"dtype":"number","min":93.38115766354571,"max":356.59356232283176},"2":{"dtype":"number","min":601.5479869323018,"max":926.5341863372447},"3":{"dtype":"number","min":78.97225821528451,"max":342.5134479210998},"4":{"dtype":"number","min":577.0575960508116,"max":920.079611692911},"5":{"dtype":"number","min":87.77358949416345,"max":343.2125415134059},"6":{"dtype":"number","min":618.3027702361229,"max":926.6359440547483},"7":{"dtype":"number","min":90.10671415217655,"max":352.7441756549049},"8":{"dtype":"number","min":561.6580538619817,"max":901.5069318838157},"9":{"dtype":"number","min":91.8666498206469,"max":349.9358721187607},"10":{"dtype":"number","min":636.0414712809403,"max":944.0412552532982},"11":{"dtype":"number","min":168.52271172786965,"max":395.5774187021218},"12":{"dtype":"number","min":535.6572251375547,"max":868.2122868044368},"13":{"dtype":"number","min":153.37487365485168,"max":392.04084938138374},"14":{"dtype":"number","min":640.8394803889531,"max":972.7236261627554},"15":{"dtype":"number","min":238.05220429535507,"max":463.24655733219845},"16":{"dtype":"number","min":504.04416570403697,"max":841.5784831362475},"17":{"dtype":"number","min":222.83516137980303,"max":452.3921067056025},"18":{"dtype":"number","min":614.3885963529001,"max":945.6210374646614},"19":{"dtype":"number","min":203.23310228637223,"max":500.8440532758542},"20":{"dtype":"number","min":490.74411948831164,"max":882.1511923942121},"21":{"dtype":"number","min":224.9158569810919,"max":477.80129043044747},"22":{"dtype":"number","min":623.7618282332959,"max":939.2347236366123},"23":{"dtype":"number","min":320.057591538485,"max":529.4084149668653},"24":{"dtype":"number","min":555.2173501693785,"max":876.344442961281},"25":{"dtype":"number","min":322.48987576377067,"max":533.3157384256444},"26":{"dtype":"number","min":658.3897049603295,"max":977.7776648376703},"27":{"dtype":"number","min":440.19028600551735,"max":589.2101664858569},"28":{"dtype":"number","min":523.777798307545,"max":854.510172684369},"29":{"dtype":"number","min":429.4889801856609,"max":648.9724933312561},"30":{"dtype":"number","min":654.8323456879256,"max":989.3574707981213},"31":{"dtype":"number","min":557.2443315676678,"max":666.1777825856487},"32":{"dtype":"number","min":508.99973116032345,"max":823.7392084143969},"33":{"dtype":"number","min":548.2008308380958,"max":670.3005809264424}},"outputs":{"0":{"dtype":"string","min":0,"max":1,"uniqueValues":["업","다운"],"legend":{"업":[1,0],"다운":[0,1]}}},"isNormalized":true}