{"inputUnits":[34],"outputUnits":3,"inputs":{"0":{"dtype":"number","min":506.30422391780155,"max":714.9285951013231},"1":{"dtype":"number","min":64.20098805705862,"max":337.6526793246139},"2":{"dtype":"number","min":511.90575981882296,"max":714.539520026181},"3":{"dtype":"number","min":48.26165640864389,"max":327.61955765898585},"4":{"dtype":"number","min":502.81896212685433,"max":707.7915301489923},"5":{"dtype":"number","min":46.46003218476409,"max":329.0741798014956},"6":{"dtype":"number","min":529.556751770732,"max":719.9280328416639},"7":{"dtype":"number","min":63.33392785217046,"max":334.16046498814444},"8":{"dtype":"number","min":541.6749103709418,"max":677.5730569446133},"9":{"dtype":"number","min":56.678954840634105,"max":331.78820658286725},"10":{"dtype":"number","min":537.8974671122629,"max":706.6919729032405},"11":{"dtype":"number","min":117.63093718294971,"max":384.6151317789397},"12":{"dtype":"number","min":564.1872652402648,"max":645.1877026984664},"13":{"dtype":"number","min":120.86184445986027,"max":373.1729315969267},"14":{"dtype":"number","min":520.9800536159412,"max":729.2365772529334},"15":{"dtype":"number","min":193.2370235576704,"max":437.6609858650178},"16":{"dtype":"number","min":546.0398870683366,"max":677.0124288477323},"17":{"dtype":"number","min":182.7746617654882,"max":464.7727141027784},"18":{"dtype":"number","min":485.66245468674003,"max":737.3810313183974},"19":{"dtype":"number","min":163.84165010563595,"max":536.5027294826879},"20":{"dtype":"number","min":519.5216909920659,"max":700.7822213377007},"21":{"dtype":"number","min":160.6398978029244,"max":535.9650168808517},"22":{"dtype":"number","min":589.5887417923152,"max":730.3345450909685},"23":{"dtype":"number","min":291.3585475817729,"max":521.1452181329987},"24":{"dtype":"number","min":568.8130609534594,"max":708.7377680322076},"25":{"dtype":"number","min":288.0432093282618,"max":523.113951330519},"26":{"dtype":"number","min":551.720354844624,"max":705.365794141005},"27":{"dtype":"number","min":389.68379989208415,"max":576.4875787519759},"28":{"dtype":"number","min":579.6192783697106,"max":687.4090742415491},"29":{"dtype":"number","min":386.00231126124754,"max":575.6078199097154},"30":{"dtype":"number","min":591.3352639758633,"max":696.2790688837549},"31":{"dtype":"number","min":536.9766674709691,"max":671.0753996734026},"32":{"dtype":"number","min":583.8859492795476,"max":668.7417068184582},"33":{"dtype":"number","min":535.45116380031,"max":671.0650676326529}},"outputs":{"0":{"dtype":"string","min":0,"max":1,"uniqueValues":["업","다운","배드"],"legend":{"업":[1,0,0],"다운":[0,1,0],"배드":[0,0,1]}}},"isNormalized":true}